{
  "Version": 1,
  "ManifestType": "Publish",
  "Endpoints": [
    {
      "Route": "favicon.ico",
      "AssetFile": "favicon.ico.gz",
      "Selectors": [
        {
          "Name": "Content-Encoding",
          "Value": "gzip",
          "Quality": "0.000237360551"
        }
      ],
      "ResponseHeaders": [
        {
          "Name": "Accept-Ranges",
          "Value": "bytes"
        },
        {
          "Name": "Cache-Control",
          "Value": "no-cache"
        },
        {
          "Name": "Content-Encoding",
          "Value": "gzip"
        },
        {
          "Name": "Content-Length",
          "Value": "4212"
        },
        {
          "Name": "Content-Type",
          "Value": "image/x-icon"
        },
        {
          "Name": "ETag",
          "Value": "\"4JD5TBkaKkYJVw5DzZh1jKJdCSTQYxpre7fdXrSQ/P8=\""
        },
        {
          "Name": "ETag",
          "Value": "W/\"+RAr6AKXwFKSB2B75Sd7T5C8qJ1lmI+hdxuRx4lOgV8=\""
        },
        {
          "Name": "Last-Modified",
          "Value": "Sun, 16 Nov 2025 09:14:22 GMT"
        },
        {
          "Name": "Vary",
          "Value": "Content-Encoding"
        }
      ],
      "EndpointProperties": [
        {
          "Name": "integrity",
          "Value": "sha256-+RAr6AKXwFKSB2B75Sd7T5C8qJ1lmI+hdxuRx4lOgV8="
        }
      ]
    },
    {
      "Route": "favicon.ico",
      "AssetFile": "favicon.ico.br",
      "Selectors": [
        {
          "Name": "Content-Encoding",
          "Value": "br",
          "Quality": "0.000270489586"
        }
      ],
      "ResponseHeaders": [
        {
          "Name": "Accept-Ranges",
          "Value": "bytes"
        },
        {
          "Name": "Cache-Control",
          "Value": "no-cache"
        },
        {
          "Name": "Content-Encoding",
          "Value": "br"
        },
        {
          "Name": "Content-Length",
          "Value": "3696"
        },
        {
          "Name": "Content-Type",
          "Value": "image/x-icon"
        },
        {
          "Name": "ETag",
          "Value": "\"DZvQlN6nTeKU0K8Ab7twyTbcOiDwAKYlMmsyGJ+ukfM=\""
        },
        {
          "Name": "ETag",
          "Value": "W/\"+RAr6AKXwFKSB2B75Sd7T5C8qJ1lmI+hdxuRx4lOgV8=\""
        },
        {
          "Name": "Last-Modified",
          "Value": "Sun, 16 Nov 2025 09:14:22 GMT"
        },
        {
          "Name": "Vary",
          "Value": "Content-Encoding"
        }
      ],
      "EndpointProperties": [
        {
          "Name": "integrity",
          "Value": "sha256-+RAr6AKXwFKSB2B75Sd7T5C8qJ1lmI+hdxuRx4lOgV8="
        }
      ]
    },
    {
      "Route": "favicon.ico",
      "AssetFile": "favicon.ico",
      "Selectors": [],
      "ResponseHeaders": [
        {
          "Name": "Accept-Ranges",
          "Value": "bytes"
        },
        {
          "Name": "Cache-Control",
          "Value": "max-age=3600, must-revalidate"
        },
        {
          "Name": "Content-Length",
          "Value": "15086"
        },
        {
          "Name": "Content-Type",
          "Value": "image/x-icon"
        },
        {
          "Name": "ETag",
          "Value": "\"+RAr6AKXwFKSB2B75Sd7T5C8qJ1lmI+hdxuRx4lOgV8=\""
        },
        {
          "Name": "Last-Modified",
          "Value": "Sun, 16 Nov 2025 09:14:22 GMT"
        }
      ],
      "EndpointProperties": [
        {
          "Name": "integrity",
          "Value": "sha256-+RAr6AKXwFKSB2B75Sd7T5C8qJ1lmI+hdxuRx4lOgV8="
        }
      ]
    },
    {
      "Route": "favicon.ico.br",
      "AssetFile": "favicon.ico.br",
      "Selectors": [],
      "ResponseHeaders": [
        {
          "Name": "Accept-Ranges",
          "Value": "bytes"
        },
        {
          "Name": "Cache-Control",
          "Value": "no-cache"
        },
        {
          "Name": "Content-Encoding",
          "Value": "br"
        },
        {
          "Name": "Content-Length",
          "Value": "3696"
        },
        {
          "Name": "Content-Type",
          "Value": "image/x-icon"
        },
        {
          "Name": "ETag",
          "Value": "\"DZvQlN6nTeKU0K8Ab7twyTbcOiDwAKYlMmsyGJ+ukfM=\""
        },
        {
          "Name": "Last-Modified",
          "Value": "Sun, 16 Nov 2025 09:14:22 GMT"
        },
        {
          "Name": "Vary",
          "Value": "Content-Encoding"
        }
      ],
      "EndpointProperties": [
        {
          "Name": "integrity",
          "Value": "sha256-DZvQlN6nTeKU0K8Ab7twyTbcOiDwAKYlMmsyGJ+ukfM="
        }
      ]
    },
    {
      "Route": "favicon.ico.gz",
      "AssetFile": "favicon.ico.gz",
      "Selectors": [],
      "ResponseHeaders": [
        {
          "Name": "Accept-Ranges",
          "Value": "bytes"
        },
        {
          "Name": "Cache-Control",
          "Value": "no-cache"
        },
        {
          "Name": "Content-Encoding",
          "Value": "gzip"
        },
        {
          "Name": "Content-Length",
          "Value": "4212"
        },
        {
          "Name": "Content-Type",
          "Value": "image/x-icon"
        },
        {
          "Name": "ETag",
          "Value": "\"4JD5TBkaKkYJVw5DzZh1jKJdCSTQYxpre7fdXrSQ/P8=\""
        },
        {
          "Name": "Last-Modified",
          "Value": "Sun, 16 Nov 2025 09:14:22 GMT"
        },
        {
          "Name": "Vary",
          "Value": "Content-Encoding"
        }
      ],
      "EndpointProperties": [
        {
          "Name": "integrity",
          "Value": "sha256-4JD5TBkaKkYJVw5DzZh1jKJdCSTQYxpre7fdXrSQ/P8="
        }
      ]
    },
    {
      "Route": "favicon.vagikyz9qx.ico",
      "AssetFile": "favicon.ico.gz",
      "Selectors": [
        {
          "Name": "Content-Encoding",
          "Value": "gzip",
          "Quality": "0.000237360551"
        }
      ],
      "ResponseHeaders": [
        {
          "Name": "Accept-Ranges",
          "Value": "bytes"
        },
        {
          "Name": "Cache-Control",
          "Value": "max-age=31536000, immutable"
        },
        {
          "Name": "Content-Encoding",
          "Value": "gzip"
        },
        {
          "Name": "Content-Length",
          "Value": "4212"
        },
        {
          "Name": "Content-Type",
          "Value": "image/x-icon"
        },
        {
          "Name": "ETag",
          "Value": "\"4JD5TBkaKkYJVw5DzZh1jKJdCSTQYxpre7fdXrSQ/P8=\""
        },
        {
          "Name": "ETag",
          "Value": "W/\"+RAr6AKXwFKSB2B75Sd7T5C8qJ1lmI+hdxuRx4lOgV8=\""
        },
        {
          "Name": "Last-Modified",
          "Value": "Sun, 16 Nov 2025 09:14:22 GMT"
        },
        {
          "Name": "Vary",
          "Value": "Content-Encoding"
        }
      ],
      "EndpointProperties": [
        {
          "Name": "fingerprint",
          "Value": "vagikyz9qx"
        },
        {
          "Name": "integrity",
          "Value": "sha256-+RAr6AKXwFKSB2B75Sd7T5C8qJ1lmI+hdxuRx4lOgV8="
        },
        {
          "Name": "label",
          "Value": "favicon.ico"
        }
      ]
    },
    {
      "Route": "favicon.vagikyz9qx.ico",
      "AssetFile": "favicon.ico.br",
      "Selectors": [
        {
          "Name": "Content-Encoding",
          "Value": "br",
          "Quality": "0.000270489586"
        }
      ],
      "ResponseHeaders": [
        {
          "Name": "Accept-Ranges",
          "Value": "bytes"
        },
        {
          "Name": "Cache-Control",
          "Value": "max-age=31536000, immutable"
        },
        {
          "Name": "Content-Encoding",
          "Value": "br"
        },
        {
          "Name": "Content-Length",
          "Value": "3696"
        },
        {
          "Name": "Content-Type",
          "Value": "image/x-icon"
        },
        {
          "Name": "ETag",
          "Value": "\"DZvQlN6nTeKU0K8Ab7twyTbcOiDwAKYlMmsyGJ+ukfM=\""
        },
        {
          "Name": "ETag",
          "Value": "W/\"+RAr6AKXwFKSB2B75Sd7T5C8qJ1lmI+hdxuRx4lOgV8=\""
        },
        {
          "Name": "Last-Modified",
          "Value": "Sun, 16 Nov 2025 09:14:22 GMT"
        },
        {
          "Name": "Vary",
          "Value": "Content-Encoding"
        }
      ],
      "EndpointProperties": [
        {
          "Name": "fingerprint",
          "Value": "vagikyz9qx"
        },
        {
          "Name": "integrity",
          "Value": "sha256-+RAr6AKXwFKSB2B75Sd7T5C8qJ1lmI+hdxuRx4lOgV8="
        },
        {
          "Name": "label",
          "Value": "favicon.ico"
        }
      ]
    },
    {
      "Route": "favicon.vagikyz9qx.ico",
      "AssetFile": "favicon.ico",
      "Selectors": [],
      "ResponseHeaders": [
        {
          "Name": "Accept-Ranges",
          "Value": "bytes"
        },
        {
          "Name": "Cache-Control",
          "Value": "max-age=31536000, immutable"
        },
        {
          "Name": "Content-Length",
          "Value": "15086"
        },
        {
          "Name": "Content-Type",
          "Value": "image/x-icon"
        },
        {
          "Name": "ETag",
          "Value": "\"+RAr6AKXwFKSB2B75Sd7T5C8qJ1lmI+hdxuRx4lOgV8=\""
        },
        {
          "Name": "Last-Modified",
          "Value": "Sun, 16 Nov 2025 09:14:22 GMT"
        }
      ],
      "EndpointProperties": [
        {
          "Name": "fingerprint",
          "Value": "vagikyz9qx"
        },
        {
          "Name": "integrity",
          "Value": "sha256-+RAr6AKXwFKSB2B75Sd7T5C8qJ1lmI+hdxuRx4lOgV8="
        },
        {
          "Name": "label",
          "Value": "favicon.ico"
        }
      ]
    },
    {
      "Route": "favicon.vagikyz9qx.ico.br",
      "AssetFile": "favicon.ico.br",
      "Selectors": [],
      "ResponseHeaders": [
        {
          "Name": "Accept-Ranges",
          "Value": "bytes"
        },
        {
          "Name": "Cache-Control",
          "Value": "max-age=31536000, immutable"
        },
        {
          "Name": "Content-Encoding",
          "Value": "br"
        },
        {
          "Name": "Content-Length",
          "Value": "3696"
        },
        {
          "Name": "Content-Type",
          "Value": "image/x-icon"
        },
        {
          "Name": "ETag",
          "Value": "\"DZvQlN6nTeKU0K8Ab7twyTbcOiDwAKYlMmsyGJ+ukfM=\""
        },
        {
          "Name": "Last-Modified",
          "Value": "Sun, 16 Nov 2025 09:14:22 GMT"
        },
        {
          "Name": "Vary",
          "Value": "Content-Encoding"
        }
      ],
      "EndpointProperties": [
        {
          "Name": "fingerprint",
          "Value": "vagikyz9qx"
        },
        {
          "Name": "integrity",
          "Value": "sha256-DZvQlN6nTeKU0K8Ab7twyTbcOiDwAKYlMmsyGJ+ukfM="
        },
        {
          "Name": "label",
          "Value": "favicon.ico.br"
        }
      ]
    },
    {
      "Route": "favicon.vagikyz9qx.ico.gz",
      "AssetFile": "favicon.ico.gz",
      "Selectors": [],
      "ResponseHeaders": [
        {
          "Name": "Accept-Ranges",
          "Value": "bytes"
        },
        {
          "Name": "Cache-Control",
          "Value": "max-age=31536000, immutable"
        },
        {
          "Name": "Content-Encoding",
          "Value": "gzip"
        },
        {
          "Name": "Content-Length",
          "Value": "4212"
        },
        {
          "Name": "Content-Type",
          "Value": "image/x-icon"
        },
        {
          "Name": "ETag",
          "Value": "\"4JD5TBkaKkYJVw5DzZh1jKJdCSTQYxpre7fdXrSQ/P8=\""
        },
        {
          "Name": "Last-Modified",
          "Value": "Sun, 16 Nov 2025 09:14:22 GMT"
        },
        {
          "Name": "Vary",
          "Value": "Content-Encoding"
        }
      ],
      "EndpointProperties": [
        {
          "Name": "fingerprint",
          "Value": "vagikyz9qx"
        },
        {
          "Name": "integrity",
          "Value": "sha256-4JD5TBkaKkYJVw5DzZh1jKJdCSTQYxpre7fdXrSQ/P8="
        },
        {
          "Name": "label",
          "Value": "favicon.ico.gz"
        }
      ]
    },
    {
      "Route": "index.8xhc9tpjbg.html",
      "AssetFile": "index.html.br",
      "Selectors": [
        {
          "Name": "Content-Encoding",
          "Value": "br",
          "Quality": "0.004784688995"
        }
      ],
      "ResponseHeaders": [
        {
          "Name": "Accept-Ranges",
          "Value": "bytes"
        },
        {
          "Name": "Cache-Control",
          "Value": "max-age=31536000, immutable"
        },
        {
          "Name": "Content-Encoding",
          "Value": "br"
        },
        {
          "Name": "Content-Length",
          "Value": "208"
        },
        {
          "Name": "Content-Type",
          "Value": "text/html"
        },
        {
          "Name": "ETag",
          "Value": "\"iOYxfdASXCNLbxFLz2XTL4mCLQH4LeJ57o0fL7AUKSA=\""
        },
        {
          "Name": "ETag",
          "Value": "W/\"RI3Zow+J27eh7ekEFHtAuhaQ6L3JaZ/By9guE7Ln6Zk=\""
        },
        {
          "Name": "Last-Modified",
          "Value": "Wed, 07 Jan 2026 15:55:58 GMT"
        },
        {
          "Name": "Vary",
          "Value": "Content-Encoding"
        }
      ],
      "EndpointProperties": [
        {
          "Name": "fingerprint",
          "Value": "8xhc9tpjbg"
        },
        {
          "Name": "integrity",
          "Value": "sha256-RI3Zow+J27eh7ekEFHtAuhaQ6L3JaZ/By9guE7Ln6Zk="
        },
        {
          "Name": "label",
          "Value": "index.html"
        }
      ]
    },
    {
      "Route": "index.8xhc9tpjbg.html",
      "AssetFile": "index.html.gz",
      "Selectors": [
        {
          "Name": "Content-Encoding",
          "Value": "gzip",
          "Quality": "0.003125000000"
        }
      ],
      "ResponseHeaders": [
        {
          "Name": "Accept-Ranges",
          "Value": "bytes"
        },
        {
          "Name": "Cache-Control",
          "Value": "max-age=31536000, immutable"
        },
        {
          "Name": "Content-Encoding",
          "Value": "gzip"
        },
        {
          "Name": "Content-Length",
          "Value": "319"
        },
        {
          "Name": "Content-Type",
          "Value": "text/html"
        },
        {
          "Name": "ETag",
          "Value": "\"Zgu64xr0A9v2wP/A0lzyJ8LAvHhP0PSOWD74xnxuB4M=\""
        },
        {
          "Name": "ETag",
          "Value": "W/\"RI3Zow+J27eh7ekEFHtAuhaQ6L3JaZ/By9guE7Ln6Zk=\""
        },
        {
          "Name": "Last-Modified",
          "Value": "Wed, 07 Jan 2026 15:55:58 GMT"
        },
        {
          "Name": "Vary",
          "Value": "Content-Encoding"
        }
      ],
      "EndpointProperties": [
        {
          "Name": "fingerprint",
          "Value": "8xhc9tpjbg"
        },
        {
          "Name": "integrity",
          "Value": "sha256-RI3Zow+J27eh7ekEFHtAuhaQ6L3JaZ/By9guE7Ln6Zk="
        },
        {
          "Name": "label",
          "Value": "index.html"
        }
      ]
    },
    {
      "Route": "index.8xhc9tpjbg.html",
      "AssetFile": "index.html",
      "Selectors": [],
      "ResponseHeaders": [
        {
          "Name": "Accept-Ranges",
          "Value": "bytes"
        },
        {
          "Name": "Cache-Control",
          "Value": "max-age=31536000, immutable"
        },
        {
          "Name": "Content-Length",
          "Value": "501"
        },
        {
          "Name": "Content-Type",
          "Value": "text/html"
        },
        {
          "Name": "ETag",
          "Value": "\"RI3Zow+J27eh7ekEFHtAuhaQ6L3JaZ/By9guE7Ln6Zk=\""
        },
        {
          "Name": "Last-Modified",
          "Value": "Wed, 07 Jan 2026 15:55:58 GMT"
        }
      ],
      "EndpointProperties": [
        {
          "Name": "fingerprint",
          "Value": "8xhc9tpjbg"
        },
        {
          "Name": "integrity",
          "Value": "sha256-RI3Zow+J27eh7ekEFHtAuhaQ6L3JaZ/By9guE7Ln6Zk="
        },
        {
          "Name": "label",
          "Value": "index.html"
        }
      ]
    },
    {
      "Route": "index.8xhc9tpjbg.html.br",
      "AssetFile": "index.html.br",
      "Selectors": [],
      "ResponseHeaders": [
        {
          "Name": "Accept-Ranges",
          "Value": "bytes"
        },
        {
          "Name": "Cache-Control",
          "Value": "max-age=31536000, immutable"
        },
        {
          "Name": "Content-Encoding",
          "Value": "br"
        },
        {
          "Name": "Content-Length",
          "Value": "208"
        },
        {
          "Name": "Content-Type",
          "Value": "text/html"
        },
        {
          "Name": "ETag",
          "Value": "\"iOYxfdASXCNLbxFLz2XTL4mCLQH4LeJ57o0fL7AUKSA=\""
        },
        {
          "Name": "Last-Modified",
          "Value": "Wed, 07 Jan 2026 15:55:58 GMT"
        },
        {
          "Name": "Vary",
          "Value": "Content-Encoding"
        }
      ],
      "EndpointProperties": [
        {
          "Name": "fingerprint",
          "Value": "8xhc9tpjbg"
        },
        {
          "Name": "integrity",
          "Value": "sha256-iOYxfdASXCNLbxFLz2XTL4mCLQH4LeJ57o0fL7AUKSA="
        },
        {
          "Name": "label",
          "Value": "index.html.br"
        }
      ]
    },
    {
      "Route": "index.8xhc9tpjbg.html.gz",
      "AssetFile": "index.html.gz",
      "Selectors": [],
      "ResponseHeaders": [
        {
          "Name": "Accept-Ranges",
          "Value": "bytes"
        },
        {
          "Name": "Cache-Control",
          "Value": "max-age=31536000, immutable"
        },
        {
          "Name": "Content-Encoding",
          "Value": "gzip"
        },
        {
          "Name": "Content-Length",
          "Value": "319"
        },
        {
          "Name": "Content-Type",
          "Value": "text/html"
        },
        {
          "Name": "ETag",
          "Value": "\"Zgu64xr0A9v2wP/A0lzyJ8LAvHhP0PSOWD74xnxuB4M=\""
        },
        {
          "Name": "Last-Modified",
          "Value": "Wed, 07 Jan 2026 15:55:58 GMT"
        },
        {
          "Name": "Vary",
          "Value": "Content-Encoding"
        }
      ],
      "EndpointProperties": [
        {
          "Name": "fingerprint",
          "Value": "8xhc9tpjbg"
        },
        {
          "Name": "integrity",
          "Value": "sha256-Zgu64xr0A9v2wP/A0lzyJ8LAvHhP0PSOWD74xnxuB4M="
        },
        {
          "Name": "label",
          "Value": "index.html.gz"
        }
      ]
    },
    {
      "Route": "index.html",
      "AssetFile": "index.html.br",
      "Selectors": [
        {
          "Name": "Content-Encoding",
          "Value": "br",
          "Quality": "0.004784688995"
        }
      ],
      "ResponseHeaders": [
        {
          "Name": "Accept-Ranges",
          "Value": "bytes"
        },
        {
          "Name": "Cache-Control",
          "Value": "no-cache"
        },
        {
          "Name": "Content-Encoding",
          "Value": "br"
        },
        {
          "Name": "Content-Length",
          "Value": "208"
        },
        {
          "Name": "Content-Type",
          "Value": "text/html"
        },
        {
          "Name": "ETag",
          "Value": "\"iOYxfdASXCNLbxFLz2XTL4mCLQH4LeJ57o0fL7AUKSA=\""
        },
        {
          "Name": "ETag",
          "Value": "W/\"RI3Zow+J27eh7ekEFHtAuhaQ6L3JaZ/By9guE7Ln6Zk=\""
        },
        {
          "Name": "Last-Modified",
          "Value": "Wed, 07 Jan 2026 15:55:58 GMT"
        },
        {
          "Name": "Vary",
          "Value": "Content-Encoding"
        }
      ],
      "EndpointProperties": [
        {
          "Name": "integrity",
          "Value": "sha256-RI3Zow+J27eh7ekEFHtAuhaQ6L3JaZ/By9guE7Ln6Zk="
        }
      ]
    },
    {
      "Route": "index.html",
      "AssetFile": "index.html.gz",
      "Selectors": [
        {
          "Name": "Content-Encoding",
          "Value": "gzip",
          "Quality": "0.003125000000"
        }
      ],
      "ResponseHeaders": [
        {
          "Name": "Accept-Ranges",
          "Value": "bytes"
        },
        {
          "Name": "Cache-Control",
          "Value": "no-cache"
        },
        {
          "Name": "Content-Encoding",
          "Value": "gzip"
        },
        {
          "Name": "Content-Length",
          "Value": "319"
        },
        {
          "Name": "Content-Type",
          "Value": "text/html"
        },
        {
          "Name": "ETag",
          "Value": "\"Zgu64xr0A9v2wP/A0lzyJ8LAvHhP0PSOWD74xnxuB4M=\""
        },
        {
          "Name": "ETag",
          "Value": "W/\"RI3Zow+J27eh7ekEFHtAuhaQ6L3JaZ/By9guE7Ln6Zk=\""
        },
        {
          "Name": "Last-Modified",
          "Value": "Wed, 07 Jan 2026 15:55:58 GMT"
        },
        {
          "Name": "Vary",
          "Value": "Content-Encoding"
        }
      ],
      "EndpointProperties": [
        {
          "Name": "integrity",
          "Value": "sha256-RI3Zow+J27eh7ekEFHtAuhaQ6L3JaZ/By9guE7Ln6Zk="
        }
      ]
    },
    {
      "Route": "index.html",
      "AssetFile": "index.html",
      "Selectors": [],
      "ResponseHeaders": [
        {
          "Name": "Accept-Ranges",
          "Value": "bytes"
        },
        {
          "Name": "Cache-Control",
          "Value": "no-cache"
        },
        {
          "Name": "Content-Length",
          "Value": "501"
        },
        {
          "Name": "Content-Type",
          "Value": "text/html"
        },
        {
          "Name": "ETag",
          "Value": "\"RI3Zow+J27eh7ekEFHtAuhaQ6L3JaZ/By9guE7Ln6Zk=\""
        },
        {
          "Name": "Last-Modified",
          "Value": "Wed, 07 Jan 2026 15:55:58 GMT"
        }
      ],
      "EndpointProperties": [
        {
          "Name": "integrity",
          "Value": "sha256-RI3Zow+J27eh7ekEFHtAuhaQ6L3JaZ/By9guE7Ln6Zk="
        }
      ]
    },
    {
      "Route": "index.html.br",
      "AssetFile": "index.html.br",
      "Selectors": [],
      "ResponseHeaders": [
        {
          "Name": "Accept-Ranges",
          "Value": "bytes"
        },
        {
          "Name": "Cache-Control",
          "Value": "no-cache"
        },
        {
          "Name": "Content-Encoding",
          "Value": "br"
        },
        {
          "Name": "Content-Length",
          "Value": "208"
        },
        {
          "Name": "Content-Type",
          "Value": "text/html"
        },
        {
          "Name": "ETag",
          "Value": "\"iOYxfdASXCNLbxFLz2XTL4mCLQH4LeJ57o0fL7AUKSA=\""
        },
        {
          "Name": "Last-Modified",
          "Value": "Wed, 07 Jan 2026 15:55:58 GMT"
        },
        {
          "Name": "Vary",
          "Value": "Content-Encoding"
        }
      ],
      "EndpointProperties": [
        {
          "Name": "integrity",
          "Value": "sha256-iOYxfdASXCNLbxFLz2XTL4mCLQH4LeJ57o0fL7AUKSA="
        }
      ]
    },
    {
      "Route": "index.html.gz",
      "AssetFile": "index.html.gz",
      "Selectors": [],
      "ResponseHeaders": [
        {
          "Name": "Accept-Ranges",
          "Value": "bytes"
        },
        {
          "Name": "Cache-Control",
          "Value": "no-cache"
        },
        {
          "Name": "Content-Encoding",
          "Value": "gzip"
        },
        {
          "Name": "Content-Length",
          "Value": "319"
        },
        {
          "Name": "Content-Type",
          "Value": "text/html"
        },
        {
          "Name": "ETag",
          "Value": "\"Zgu64xr0A9v2wP/A0lzyJ8LAvHhP0PSOWD74xnxuB4M=\""
        },
        {
          "Name": "Last-Modified",
          "Value": "Wed, 07 Jan 2026 15:55:58 GMT"
        },
        {
          "Name": "Vary",
          "Value": "Content-Encoding"
        }
      ],
      "EndpointProperties": [
        {
          "Name": "integrity",
          "Value": "sha256-Zgu64xr0A9v2wP/A0lzyJ8LAvHhP0PSOWD74xnxuB4M="
        }
      ]
    },
    {
      "Route": "main-D3LTQU7K.dlt106h2i6.js",
      "AssetFile": "main-D3LTQU7K.js.gz",
      "Selectors": [
        {
          "Name": "Content-Encoding",
          "Value": "gzip",
          "Quality": "0.000012463233"
        }
      ],
      "ResponseHeaders": [
        {
          "Name": "Accept-Ranges",
          "Value": "bytes"
        },
        {
          "Name": "Cache-Control",
          "Value": "max-age=31536000, immutable"
        },
        {
          "Name": "Content-Encoding",
          "Value": "gzip"
        },
        {
          "Name": "Content-Length",
          "Value": "80235"
        },
        {
          "Name": "Content-Type",
          "Value": "text/javascript"
        },
        {
          "Name": "ETag",
          "Value": "\"taWz/fpT2VdvmWrA7lBJPrttGezMuVf6oSOBB0KYHo8=\""
        },
        {
          "Name": "ETag",
          "Value": "W/\"70uIgl+Y8RvkoPQB2ZafpO3d+u68JjDFe3RDgKpc3JQ=\""
        },
        {
          "Name": "Last-Modified",
          "Value": "Wed, 07 Jan 2026 15:55:58 GMT"
        },
        {
          "Name": "Vary",
          "Value": "Content-Encoding"
        }
      ],
      "EndpointProperties": [
        {
          "Name": "fingerprint",
          "Value": "dlt106h2i6"
        },
        {
          "Name": "integrity",
          "Value": "sha256-70uIgl+Y8RvkoPQB2ZafpO3d+u68JjDFe3RDgKpc3JQ="
        },
        {
          "Name": "label",
          "Value": "main-D3LTQU7K.js"
        }
      ]
    },
    {
      "Route": "main-D3LTQU7K.dlt106h2i6.js",
      "AssetFile": "main-D3LTQU7K.js.br",
      "Selectors": [
        {
          "Name": "Content-Encoding",
          "Value": "br",
          "Quality": "0.000014250089"
        }
      ],
      "ResponseHeaders": [
        {
          "Name": "Accept-Ranges",
          "Value": "bytes"
        },
        {
          "Name": "Cache-Control",
          "Value": "max-age=31536000, immutable"
        },
        {
          "Name": "Content-Encoding",
          "Value": "br"
        },
        {
          "Name": "Content-Length",
          "Value": "70174"
        },
        {
          "Name": "Content-Type",
          "Value": "text/javascript"
        },
        {
          "Name": "ETag",
          "Value": "\"tsi6d6nres5gpU4W+UX/fz1vZH7QiVCWPzLMq4z2rPk=\""
        },
        {
          "Name": "ETag",
          "Value": "W/\"70uIgl+Y8RvkoPQB2ZafpO3d+u68JjDFe3RDgKpc3JQ=\""
        },
        {
          "Name": "Last-Modified",
          "Value": "Wed, 07 Jan 2026 15:55:58 GMT"
        },
        {
          "Name": "Vary",
          "Value": "Content-Encoding"
        }
      ],
      "EndpointProperties": [
        {
          "Name": "fingerprint",
          "Value": "dlt106h2i6"
        },
        {
          "Name": "integrity",
          "Value": "sha256-70uIgl+Y8RvkoPQB2ZafpO3d+u68JjDFe3RDgKpc3JQ="
        },
        {
          "Name": "label",
          "Value": "main-D3LTQU7K.js"
        }
      ]
    },
    {
      "Route": "main-D3LTQU7K.dlt106h2i6.js",
      "AssetFile": "main-D3LTQU7K.js",
      "Selectors": [],
      "ResponseHeaders": [
        {
          "Name": "Accept-Ranges",
          "Value": "bytes"
        },
        {
          "Name": "Cache-Control",
          "Value": "max-age=31536000, immutable"
        },
        {
          "Name": "Content-Length",
          "Value": "266302"
        },
        {
          "Name": "Content-Type",
          "Value": "text/javascript"
        },
        {
          "Name": "ETag",
          "Value": "\"70uIgl+Y8RvkoPQB2ZafpO3d+u68JjDFe3RDgKpc3JQ=\""
        },
        {
          "Name": "Last-Modified",
          "Value": "Wed, 07 Jan 2026 15:55:58 GMT"
        }
      ],
      "EndpointProperties": [
        {
          "Name": "fingerprint",
          "Value": "dlt106h2i6"
        },
        {
          "Name": "integrity",
          "Value": "sha256-70uIgl+Y8RvkoPQB2ZafpO3d+u68JjDFe3RDgKpc3JQ="
        },
        {
          "Name": "label",
          "Value": "main-D3LTQU7K.js"
        }
      ]
    },
    {
      "Route": "main-D3LTQU7K.dlt106h2i6.js.br",
      "AssetFile": "main-D3LTQU7K.js.br",
      "Selectors": [],
      "ResponseHeaders": [
        {
          "Name": "Accept-Ranges",
          "Value": "bytes"
        },
        {
          "Name": "Cache-Control",
          "Value": "max-age=31536000, immutable"
        },
        {
          "Name": "Content-Encoding",
          "Value": "br"
        },
        {
          "Name": "Content-Length",
          "Value": "70174"
        },
        {
          "Name": "Content-Type",
          "Value": "text/javascript"
        },
        {
          "Name": "ETag",
          "Value": "\"tsi6d6nres5gpU4W+UX/fz1vZH7QiVCWPzLMq4z2rPk=\""
        },
        {
          "Name": "Last-Modified",
          "Value": "Wed, 07 Jan 2026 15:55:58 GMT"
        },
        {
          "Name": "Vary",
          "Value": "Content-Encoding"
        }
      ],
      "EndpointProperties": [
        {
          "Name": "fingerprint",
          "Value": "dlt106h2i6"
        },
        {
          "Name": "integrity",
          "Value": "sha256-tsi6d6nres5gpU4W+UX/fz1vZH7QiVCWPzLMq4z2rPk="
        },
        {
          "Name": "label",
          "Value": "main-D3LTQU7K.js.br"
        }
      ]
    },
    {
      "Route": "main-D3LTQU7K.dlt106h2i6.js.gz",
      "AssetFile": "main-D3LTQU7K.js.gz",
      "Selectors": [],
      "ResponseHeaders": [
        {
          "Name": "Accept-Ranges",
          "Value": "bytes"
        },
        {
          "Name": "Cache-Control",
          "Value": "max-age=31536000, immutable"
        },
        {
          "Name": "Content-Encoding",
          "Value": "gzip"
        },
        {
          "Name": "Content-Length",
          "Value": "80235"
        },
        {
          "Name": "Content-Type",
          "Value": "text/javascript"
        },
        {
          "Name": "ETag",
          "Value": "\"taWz/fpT2VdvmWrA7lBJPrttGezMuVf6oSOBB0KYHo8=\""
        },
        {
          "Name": "Last-Modified",
          "Value": "Wed, 07 Jan 2026 15:55:58 GMT"
        },
        {
          "Name": "Vary",
          "Value": "Content-Encoding"
        }
      ],
      "EndpointProperties": [
        {
          "Name": "fingerprint",
          "Value": "dlt106h2i6"
        },
        {
          "Name": "integrity",
          "Value": "sha256-taWz/fpT2VdvmWrA7lBJPrttGezMuVf6oSOBB0KYHo8="
        },
        {
          "Name": "label",
          "Value": "main-D3LTQU7K.js.gz"
        }
      ]
    },
    {
      "Route": "main-D3LTQU7K.js",
      "AssetFile": "main-D3LTQU7K.js.gz",
      "Selectors": [
        {
          "Name": "Content-Encoding",
          "Value": "gzip",
          "Quality": "0.000012463233"
        }
      ],
      "ResponseHeaders": [
        {
          "Name": "Accept-Ranges",
          "Value": "bytes"
        },
        {
          "Name": "Cache-Control",
          "Value": "no-cache"
        },
        {
          "Name": "Content-Encoding",
          "Value": "gzip"
        },
        {
          "Name": "Content-Length",
          "Value": "80235"
        },
        {
          "Name": "Content-Type",
          "Value": "text/javascript"
        },
        {
          "Name": "ETag",
          "Value": "\"taWz/fpT2VdvmWrA7lBJPrttGezMuVf6oSOBB0KYHo8=\""
        },
        {
          "Name": "ETag",
          "Value": "W/\"70uIgl+Y8RvkoPQB2ZafpO3d+u68JjDFe3RDgKpc3JQ=\""
        },
        {
          "Name": "Last-Modified",
          "Value": "Wed, 07 Jan 2026 15:55:58 GMT"
        },
        {
          "Name": "Vary",
          "Value": "Content-Encoding"
        }
      ],
      "EndpointProperties": [
        {
          "Name": "integrity",
          "Value": "sha256-70uIgl+Y8RvkoPQB2ZafpO3d+u68JjDFe3RDgKpc3JQ="
        }
      ]
    },
    {
      "Route": "main-D3LTQU7K.js",
      "AssetFile": "main-D3LTQU7K.js.br",
      "Selectors": [
        {
          "Name": "Content-Encoding",
          "Value": "br",
          "Quality": "0.000014250089"
        }
      ],
      "ResponseHeaders": [
        {
          "Name": "Accept-Ranges",
          "Value": "bytes"
        },
        {
          "Name": "Cache-Control",
          "Value": "no-cache"
        },
        {
          "Name": "Content-Encoding",
          "Value": "br"
        },
        {
          "Name": "Content-Length",
          "Value": "70174"
        },
        {
          "Name": "Content-Type",
          "Value": "text/javascript"
        },
        {
          "Name": "ETag",
          "Value": "\"tsi6d6nres5gpU4W+UX/fz1vZH7QiVCWPzLMq4z2rPk=\""
        },
        {
          "Name": "ETag",
          "Value": "W/\"70uIgl+Y8RvkoPQB2ZafpO3d+u68JjDFe3RDgKpc3JQ=\""
        },
        {
          "Name": "Last-Modified",
          "Value": "Wed, 07 Jan 2026 15:55:58 GMT"
        },
        {
          "Name": "Vary",
          "Value": "Content-Encoding"
        }
      ],
      "EndpointProperties": [
        {
          "Name": "integrity",
          "Value": "sha256-70uIgl+Y8RvkoPQB2ZafpO3d+u68JjDFe3RDgKpc3JQ="
        }
      ]
    },
    {
      "Route": "main-D3LTQU7K.js",
      "AssetFile": "main-D3LTQU7K.js",
      "Selectors": [],
      "ResponseHeaders": [
        {
          "Name": "Accept-Ranges",
          "Value": "bytes"
        },
        {
          "Name": "Cache-Control",
          "Value": "no-cache"
        },
        {
          "Name": "Content-Length",
          "Value": "266302"
        },
        {
          "Name": "Content-Type",
          "Value": "text/javascript"
        },
        {
          "Name": "ETag",
          "Value": "\"70uIgl+Y8RvkoPQB2ZafpO3d+u68JjDFe3RDgKpc3JQ=\""
        },
        {
          "Name": "Last-Modified",
          "Value": "Wed, 07 Jan 2026 15:55:58 GMT"
        }
      ],
      "EndpointProperties": [
        {
          "Name": "integrity",
          "Value": "sha256-70uIgl+Y8RvkoPQB2ZafpO3d+u68JjDFe3RDgKpc3JQ="
        }
      ]
    },
    {
      "Route": "main-D3LTQU7K.js.br",
      "AssetFile": "main-D3LTQU7K.js.br",
      "Selectors": [],
      "ResponseHeaders": [
        {
          "Name": "Accept-Ranges",
          "Value": "bytes"
        },
        {
          "Name": "Cache-Control",
          "Value": "no-cache"
        },
        {
          "Name": "Content-Encoding",
          "Value": "br"
        },
        {
          "Name": "Content-Length",
          "Value": "70174"
        },
        {
          "Name": "Content-Type",
          "Value": "text/javascript"
        },
        {
          "Name": "ETag",
          "Value": "\"tsi6d6nres5gpU4W+UX/fz1vZH7QiVCWPzLMq4z2rPk=\""
        },
        {
          "Name": "Last-Modified",
          "Value": "Wed, 07 Jan 2026 15:55:58 GMT"
        },
        {
          "Name": "Vary",
          "Value": "Content-Encoding"
        }
      ],
      "EndpointProperties": [
        {
          "Name": "integrity",
          "Value": "sha256-tsi6d6nres5gpU4W+UX/fz1vZH7QiVCWPzLMq4z2rPk="
        }
      ]
    },
    {
      "Route": "main-D3LTQU7K.js.gz",
      "AssetFile": "main-D3LTQU7K.js.gz",
      "Selectors": [],
      "ResponseHeaders": [
        {
          "Name": "Accept-Ranges",
          "Value": "bytes"
        },
        {
          "Name": "Cache-Control",
          "Value": "no-cache"
        },
        {
          "Name": "Content-Encoding",
          "Value": "gzip"
        },
        {
          "Name": "Content-Length",
          "Value": "80235"
        },
        {
          "Name": "Content-Type",
          "Value": "text/javascript"
        },
        {
          "Name": "ETag",
          "Value": "\"taWz/fpT2VdvmWrA7lBJPrttGezMuVf6oSOBB0KYHo8=\""
        },
        {
          "Name": "Last-Modified",
          "Value": "Wed, 07 Jan 2026 15:55:58 GMT"
        },
        {
          "Name": "Vary",
          "Value": "Content-Encoding"
        }
      ],
      "EndpointProperties": [
        {
          "Name": "integrity",
          "Value": "sha256-taWz/fpT2VdvmWrA7lBJPrttGezMuVf6oSOBB0KYHo8="
        }
      ]
    },
    {
      "Route": "main-II7KEPXO.eyhyu2p3hu.js",
      "AssetFile": "main-II7KEPXO.js.gz",
      "Selectors": [
        {
          "Name": "Content-Encoding",
          "Value": "gzip",
          "Quality": "0.000012456868"
        }
      ],
      "ResponseHeaders": [
        {
          "Name": "Accept-Ranges",
          "Value": "bytes"
        },
        {
          "Name": "Cache-Control",
          "Value": "max-age=31536000, immutable"
        },
        {
          "Name": "Content-Encoding",
          "Value": "gzip"
        },
        {
          "Name": "Content-Length",
          "Value": "80276"
        },
        {
          "Name": "Content-Type",
          "Value": "text/javascript"
        },
        {
          "Name": "ETag",
          "Value": "\"Bw4eOyJc9HRB+RMOunHUMwQ+IDBYXjfYmoTs7rXpJXo=\""
        },
        {
          "Name": "ETag",
          "Value": "W/\"ZgVLicbowdQw9P6ryuPrcs4YD+HllNB2SWUXm2XI20I=\""
        },
        {
          "Name": "Last-Modified",
          "Value": "Tue, 06 Jan 2026 14:29:45 GMT"
        },
        {
          "Name": "Vary",
          "Value": "Content-Encoding"
        }
      ],
      "EndpointProperties": [
        {
          "Name": "fingerprint",
          "Value": "eyhyu2p3hu"
        },
        {
          "Name": "integrity",
          "Value": "sha256-ZgVLicbowdQw9P6ryuPrcs4YD+HllNB2SWUXm2XI20I="
        },
        {
          "Name": "label",
          "Value": "main-II7KEPXO.js"
        }
      ]
    },
    {
      "Route": "main-II7KEPXO.eyhyu2p3hu.js",
      "AssetFile": "main-II7KEPXO.js.br",
      "Selectors": [
        {
          "Name": "Content-Encoding",
          "Value": "br",
          "Quality": "0.000014241565"
        }
      ],
      "ResponseHeaders": [
        {
          "Name": "Accept-Ranges",
          "Value": "bytes"
        },
        {
          "Name": "Cache-Control",
          "Value": "max-age=31536000, immutable"
        },
        {
          "Name": "Content-Encoding",
          "Value": "br"
        },
        {
          "Name": "Content-Length",
          "Value": "70216"
        },
        {
          "Name": "Content-Type",
          "Value": "text/javascript"
        },
        {
          "Name": "ETag",
          "Value": "\"jcRuf9bL4TQ576vmKRmaYtUvuggRfNRAddYMeD3ws3A=\""
        },
        {
          "Name": "ETag",
          "Value": "W/\"ZgVLicbowdQw9P6ryuPrcs4YD+HllNB2SWUXm2XI20I=\""
        },
        {
          "Name": "Last-Modified",
          "Value": "Tue, 06 Jan 2026 14:29:45 GMT"
        },
        {
          "Name": "Vary",
          "Value": "Content-Encoding"
        }
      ],
      "EndpointProperties": [
        {
          "Name": "fingerprint",
          "Value": "eyhyu2p3hu"
        },
        {
          "Name": "integrity",
          "Value": "sha256-ZgVLicbowdQw9P6ryuPrcs4YD+HllNB2SWUXm2XI20I="
        },
        {
          "Name": "label",
          "Value": "main-II7KEPXO.js"
        }
      ]
    },
    {
      "Route": "main-II7KEPXO.eyhyu2p3hu.js",
      "AssetFile": "main-II7KEPXO.js",
      "Selectors": [],
      "ResponseHeaders": [
        {
          "Name": "Accept-Ranges",
          "Value": "bytes"
        },
        {
          "Name": "Cache-Control",
          "Value": "max-age=31536000, immutable"
        },
        {
          "Name": "Content-Length",
          "Value": "266526"
        },
        {
          "Name": "Content-Type",
          "Value": "text/javascript"
        },
        {
          "Name": "ETag",
          "Value": "\"ZgVLicbowdQw9P6ryuPrcs4YD+HllNB2SWUXm2XI20I=\""
        },
        {
          "Name": "Last-Modified",
          "Value": "Tue, 06 Jan 2026 14:29:45 GMT"
        }
      ],
      "EndpointProperties": [
        {
          "Name": "fingerprint",
          "Value": "eyhyu2p3hu"
        },
        {
          "Name": "integrity",
          "Value": "sha256-ZgVLicbowdQw9P6ryuPrcs4YD+HllNB2SWUXm2XI20I="
        },
        {
          "Name": "label",
          "Value": "main-II7KEPXO.js"
        }
      ]
    },
    {
      "Route": "main-II7KEPXO.eyhyu2p3hu.js.br",
      "AssetFile": "main-II7KEPXO.js.br",
      "Selectors": [],
      "ResponseHeaders": [
        {
          "Name": "Accept-Ranges",
          "Value": "bytes"
        },
        {
          "Name": "Cache-Control",
          "Value": "max-age=31536000, immutable"
        },
        {
          "Name": "Content-Encoding",
          "Value": "br"
        },
        {
          "Name": "Content-Length",
          "Value": "70216"
        },
        {
          "Name": "Content-Type",
          "Value": "text/javascript"
        },
        {
          "Name": "ETag",
          "Value": "\"jcRuf9bL4TQ576vmKRmaYtUvuggRfNRAddYMeD3ws3A=\""
        },
        {
          "Name": "Last-Modified",
          "Value": "Tue, 06 Jan 2026 14:29:45 GMT"
        },
        {
          "Name": "Vary",
          "Value": "Content-Encoding"
        }
      ],
      "EndpointProperties": [
        {
          "Name": "fingerprint",
          "Value": "eyhyu2p3hu"
        },
        {
          "Name": "integrity",
          "Value": "sha256-jcRuf9bL4TQ576vmKRmaYtUvuggRfNRAddYMeD3ws3A="
        },
        {
          "Name": "label",
          "Value": "main-II7KEPXO.js.br"
        }
      ]
    },
    {
      "Route": "main-II7KEPXO.eyhyu2p3hu.js.gz",
      "AssetFile": "main-II7KEPXO.js.gz",
      "Selectors": [],
      "ResponseHeaders": [
        {
          "Name": "Accept-Ranges",
          "Value": "bytes"
        },
        {
          "Name": "Cache-Control",
          "Value": "max-age=31536000, immutable"
        },
        {
          "Name": "Content-Encoding",
          "Value": "gzip"
        },
        {
          "Name": "Content-Length",
          "Value": "80276"
        },
        {
          "Name": "Content-Type",
          "Value": "text/javascript"
        },
        {
          "Name": "ETag",
          "Value": "\"Bw4eOyJc9HRB+RMOunHUMwQ+IDBYXjfYmoTs7rXpJXo=\""
        },
        {
          "Name": "Last-Modified",
          "Value": "Tue, 06 Jan 2026 14:29:45 GMT"
        },
        {
          "Name": "Vary",
          "Value": "Content-Encoding"
        }
      ],
      "EndpointProperties": [
        {
          "Name": "fingerprint",
          "Value": "eyhyu2p3hu"
        },
        {
          "Name": "integrity",
          "Value": "sha256-Bw4eOyJc9HRB+RMOunHUMwQ+IDBYXjfYmoTs7rXpJXo="
        },
        {
          "Name": "label",
          "Value": "main-II7KEPXO.js.gz"
        }
      ]
    },
    {
      "Route": "main-II7KEPXO.js",
      "AssetFile": "main-II7KEPXO.js.gz",
      "Selectors": [
        {
          "Name": "Content-Encoding",
          "Value": "gzip",
          "Quality": "0.000012456868"
        }
      ],
      "ResponseHeaders": [
        {
          "Name": "Accept-Ranges",
          "Value": "bytes"
        },
        {
          "Name": "Cache-Control",
          "Value": "no-cache"
        },
        {
          "Name": "Content-Encoding",
          "Value": "gzip"
        },
        {
          "Name": "Content-Length",
          "Value": "80276"
        },
        {
          "Name": "Content-Type",
          "Value": "text/javascript"
        },
        {
          "Name": "ETag",
          "Value": "\"Bw4eOyJc9HRB+RMOunHUMwQ+IDBYXjfYmoTs7rXpJXo=\""
        },
        {
          "Name": "ETag",
          "Value": "W/\"ZgVLicbowdQw9P6ryuPrcs4YD+HllNB2SWUXm2XI20I=\""
        },
        {
          "Name": "Last-Modified",
          "Value": "Tue, 06 Jan 2026 14:29:45 GMT"
        },
        {
          "Name": "Vary",
          "Value": "Content-Encoding"
        }
      ],
      "EndpointProperties": [
        {
          "Name": "integrity",
          "Value": "sha256-ZgVLicbowdQw9P6ryuPrcs4YD+HllNB2SWUXm2XI20I="
        }
      ]
    },
    {
      "Route": "main-II7KEPXO.js",
      "AssetFile": "main-II7KEPXO.js.br",
      "Selectors": [
        {
          "Name": "Content-Encoding",
          "Value": "br",
          "Quality": "0.000014241565"
        }
      ],
      "ResponseHeaders": [
        {
          "Name": "Accept-Ranges",
          "Value": "bytes"
        },
        {
          "Name": "Cache-Control",
          "Value": "no-cache"
        },
        {
          "Name": "Content-Encoding",
          "Value": "br"
        },
        {
          "Name": "Content-Length",
          "Value": "70216"
        },
        {
          "Name": "Content-Type",
          "Value": "text/javascript"
        },
        {
          "Name": "ETag",
          "Value": "\"jcRuf9bL4TQ576vmKRmaYtUvuggRfNRAddYMeD3ws3A=\""
        },
        {
          "Name": "ETag",
          "Value": "W/\"ZgVLicbowdQw9P6ryuPrcs4YD+HllNB2SWUXm2XI20I=\""
        },
        {
          "Name": "Last-Modified",
          "Value": "Tue, 06 Jan 2026 14:29:45 GMT"
        },
        {
          "Name": "Vary",
          "Value": "Content-Encoding"
        }
      ],
      "EndpointProperties": [
        {
          "Name": "integrity",
          "Value": "sha256-ZgVLicbowdQw9P6ryuPrcs4YD+HllNB2SWUXm2XI20I="
        }
      ]
    },
    {
      "Route": "main-II7KEPXO.js",
      "AssetFile": "main-II7KEPXO.js",
      "Selectors": [],
      "ResponseHeaders": [
        {
          "Name": "Accept-Ranges",
          "Value": "bytes"
        },
        {
          "Name": "Cache-Control",
          "Value": "no-cache"
        },
        {
          "Name": "Content-Length",
          "Value": "266526"
        },
        {
          "Name": "Content-Type",
          "Value": "text/javascript"
        },
        {
          "Name": "ETag",
          "Value": "\"ZgVLicbowdQw9P6ryuPrcs4YD+HllNB2SWUXm2XI20I=\""
        },
        {
          "Name": "Last-Modified",
          "Value": "Tue, 06 Jan 2026 14:29:45 GMT"
        }
      ],
      "EndpointProperties": [
        {
          "Name": "integrity",
          "Value": "sha256-ZgVLicbowdQw9P6ryuPrcs4YD+HllNB2SWUXm2XI20I="
        }
      ]
    },
    {
      "Route": "main-II7KEPXO.js.br",
      "AssetFile": "main-II7KEPXO.js.br",
      "Selectors": [],
      "ResponseHeaders": [
        {
          "Name": "Accept-Ranges",
          "Value": "bytes"
        },
        {
          "Name": "Cache-Control",
          "Value": "no-cache"
        },
        {
          "Name": "Content-Encoding",
          "Value": "br"
        },
        {
          "Name": "Content-Length",
          "Value": "70216"
        },
        {
          "Name": "Content-Type",
          "Value": "text/javascript"
        },
        {
          "Name": "ETag",
          "Value": "\"jcRuf9bL4TQ576vmKRmaYtUvuggRfNRAddYMeD3ws3A=\""
        },
        {
          "Name": "Last-Modified",
          "Value": "Tue, 06 Jan 2026 14:29:45 GMT"
        },
        {
          "Name": "Vary",
          "Value": "Content-Encoding"
        }
      ],
      "EndpointProperties": [
        {
          "Name": "integrity",
          "Value": "sha256-jcRuf9bL4TQ576vmKRmaYtUvuggRfNRAddYMeD3ws3A="
        }
      ]
    },
    {
      "Route": "main-II7KEPXO.js.gz",
      "AssetFile": "main-II7KEPXO.js.gz",
      "Selectors": [],
      "ResponseHeaders": [
        {
          "Name": "Accept-Ranges",
          "Value": "bytes"
        },
        {
          "Name": "Cache-Control",
          "Value": "no-cache"
        },
        {
          "Name": "Content-Encoding",
          "Value": "gzip"
        },
        {
          "Name": "Content-Length",
          "Value": "80276"
        },
        {
          "Name": "Content-Type",
          "Value": "text/javascript"
        },
        {
          "Name": "ETag",
          "Value": "\"Bw4eOyJc9HRB+RMOunHUMwQ+IDBYXjfYmoTs7rXpJXo=\""
        },
        {
          "Name": "Last-Modified",
          "Value": "Tue, 06 Jan 2026 14:29:45 GMT"
        },
        {
          "Name": "Vary",
          "Value": "Content-Encoding"
        }
      ],
      "EndpointProperties": [
        {
          "Name": "integrity",
          "Value": "sha256-Bw4eOyJc9HRB+RMOunHUMwQ+IDBYXjfYmoTs7rXpJXo="
        }
      ]
    },
    {
      "Route": "main-MZDOZOM3.js",
      "AssetFile": "main-MZDOZOM3.js.gz",
      "Selectors": [
        {
          "Name": "Content-Encoding",
          "Value": "gzip",
          "Quality": "0.000012460593"
        }
      ],
      "ResponseHeaders": [
        {
          "Name": "Accept-Ranges",
          "Value": "bytes"
        },
        {
          "Name": "Cache-Control",
          "Value": "no-cache"
        },
        {
          "Name": "Content-Encoding",
          "Value": "gzip"
        },
        {
          "Name": "Content-Length",
          "Value": "80252"
        },
        {
          "Name": "Content-Type",
          "Value": "text/javascript"
        },
        {
          "Name": "ETag",
          "Value": "\"vULL/T6taQtvACVGo7l65utq9kLPlVzvEfPxWJmfdCA=\""
        },
        {
          "Name": "ETag",
          "Value": "W/\"+LS+L837ixawftcmV0vVmIM1oB8F6pXzLq5mog/8HJo=\""
        },
        {
          "Name": "Last-Modified",
          "Value": "Wed, 07 Jan 2026 14:43:55 GMT"
        },
        {
          "Name": "Vary",
          "Value": "Content-Encoding"
        }
      ],
      "EndpointProperties": [
        {
          "Name": "integrity",
          "Value": "sha256-+LS+L837ixawftcmV0vVmIM1oB8F6pXzLq5mog/8HJo="
        }
      ]
    },
    {
      "Route": "main-MZDOZOM3.js",
      "AssetFile": "main-MZDOZOM3.js.br",
      "Selectors": [
        {
          "Name": "Content-Encoding",
          "Value": "br",
          "Quality": "0.000014238118"
        }
      ],
      "ResponseHeaders": [
        {
          "Name": "Accept-Ranges",
          "Value": "bytes"
        },
        {
          "Name": "Cache-Control",
          "Value": "no-cache"
        },
        {
          "Name": "Content-Encoding",
          "Value": "br"
        },
        {
          "Name": "Content-Length",
          "Value": "70233"
        },
        {
          "Name": "Content-Type",
          "Value": "text/javascript"
        },
        {
          "Name": "ETag",
          "Value": "\"UfyfWMmatlkzf9Ec7n17HsChC8KhMkWQbp7u1/Mk8+U=\""
        },
        {
          "Name": "ETag",
          "Value": "W/\"+LS+L837ixawftcmV0vVmIM1oB8F6pXzLq5mog/8HJo=\""
        },
        {
          "Name": "Last-Modified",
          "Value": "Wed, 07 Jan 2026 14:43:55 GMT"
        },
        {
          "Name": "Vary",
          "Value": "Content-Encoding"
        }
      ],
      "EndpointProperties": [
        {
          "Name": "integrity",
          "Value": "sha256-+LS+L837ixawftcmV0vVmIM1oB8F6pXzLq5mog/8HJo="
        }
      ]
    },
    {
      "Route": "main-MZDOZOM3.js",
      "AssetFile": "main-MZDOZOM3.js",
      "Selectors": [],
      "ResponseHeaders": [
        {
          "Name": "Accept-Ranges",
          "Value": "bytes"
        },
        {
          "Name": "Cache-Control",
          "Value": "no-cache"
        },
        {
          "Name": "Content-Length",
          "Value": "266344"
        },
        {
          "Name": "Content-Type",
          "Value": "text/javascript"
        },
        {
          "Name": "ETag",
          "Value": "\"+LS+L837ixawftcmV0vVmIM1oB8F6pXzLq5mog/8HJo=\""
        },
        {
          "Name": "Last-Modified",
          "Value": "Wed, 07 Jan 2026 14:43:55 GMT"
        }
      ],
      "EndpointProperties": [
        {
          "Name": "integrity",
          "Value": "sha256-+LS+L837ixawftcmV0vVmIM1oB8F6pXzLq5mog/8HJo="
        }
      ]
    },
    {
      "Route": "main-MZDOZOM3.js.br",
      "AssetFile": "main-MZDOZOM3.js.br",
      "Selectors": [],
      "ResponseHeaders": [
        {
          "Name": "Accept-Ranges",
          "Value": "bytes"
        },
        {
          "Name": "Cache-Control",
          "Value": "no-cache"
        },
        {
          "Name": "Content-Encoding",
          "Value": "br"
        },
        {
          "Name": "Content-Length",
          "Value": "70233"
        },
        {
          "Name": "Content-Type",
          "Value": "text/javascript"
        },
        {
          "Name": "ETag",
          "Value": "\"UfyfWMmatlkzf9Ec7n17HsChC8KhMkWQbp7u1/Mk8+U=\""
        },
        {
          "Name": "Last-Modified",
          "Value": "Wed, 07 Jan 2026 14:43:55 GMT"
        },
        {
          "Name": "Vary",
          "Value": "Content-Encoding"
        }
      ],
      "EndpointProperties": [
        {
          "Name": "integrity",
          "Value": "sha256-UfyfWMmatlkzf9Ec7n17HsChC8KhMkWQbp7u1/Mk8+U="
        }
      ]
    },
    {
      "Route": "main-MZDOZOM3.js.gz",
      "AssetFile": "main-MZDOZOM3.js.gz",
      "Selectors": [],
      "ResponseHeaders": [
        {
          "Name": "Accept-Ranges",
          "Value": "bytes"
        },
        {
          "Name": "Cache-Control",
          "Value": "no-cache"
        },
        {
          "Name": "Content-Encoding",
          "Value": "gzip"
        },
        {
          "Name": "Content-Length",
          "Value": "80252"
        },
        {
          "Name": "Content-Type",
          "Value": "text/javascript"
        },
        {
          "Name": "ETag",
          "Value": "\"vULL/T6taQtvACVGo7l65utq9kLPlVzvEfPxWJmfdCA=\""
        },
        {
          "Name": "Last-Modified",
          "Value": "Wed, 07 Jan 2026 14:43:55 GMT"
        },
        {
          "Name": "Vary",
          "Value": "Content-Encoding"
        }
      ],
      "EndpointProperties": [
        {
          "Name": "integrity",
          "Value": "sha256-vULL/T6taQtvACVGo7l65utq9kLPlVzvEfPxWJmfdCA="
        }
      ]
    },
    {
      "Route": "main-MZDOZOM3.snv3cz1a5t.js",
      "AssetFile": "main-MZDOZOM3.js.gz",
      "Selectors": [
        {
          "Name": "Content-Encoding",
          "Value": "gzip",
          "Quality": "0.000012460593"
        }
      ],
      "ResponseHeaders": [
        {
          "Name": "Accept-Ranges",
          "Value": "bytes"
        },
        {
          "Name": "Cache-Control",
          "Value": "max-age=31536000, immutable"
        },
        {
          "Name": "Content-Encoding",
          "Value": "gzip"
        },
        {
          "Name": "Content-Length",
          "Value": "80252"
        },
        {
          "Name": "Content-Type",
          "Value": "text/javascript"
        },
        {
          "Name": "ETag",
          "Value": "\"vULL/T6taQtvACVGo7l65utq9kLPlVzvEfPxWJmfdCA=\""
        },
        {
          "Name": "ETag",
          "Value": "W/\"+LS+L837ixawftcmV0vVmIM1oB8F6pXzLq5mog/8HJo=\""
        },
        {
          "Name": "Last-Modified",
          "Value": "Wed, 07 Jan 2026 14:43:55 GMT"
        },
        {
          "Name": "Vary",
          "Value": "Content-Encoding"
        }
      ],
      "EndpointProperties": [
        {
          "Name": "fingerprint",
          "Value": "snv3cz1a5t"
        },
        {
          "Name": "integrity",
          "Value": "sha256-+LS+L837ixawftcmV0vVmIM1oB8F6pXzLq5mog/8HJo="
        },
        {
          "Name": "label",
          "Value": "main-MZDOZOM3.js"
        }
      ]
    },
    {
      "Route": "main-MZDOZOM3.snv3cz1a5t.js",
      "AssetFile": "main-MZDOZOM3.js.br",
      "Selectors": [
        {
          "Name": "Content-Encoding",
          "Value": "br",
          "Quality": "0.000014238118"
        }
      ],
      "ResponseHeaders": [
        {
          "Name": "Accept-Ranges",
          "Value": "bytes"
        },
        {
          "Name": "Cache-Control",
          "Value": "max-age=31536000, immutable"
        },
        {
          "Name": "Content-Encoding",
          "Value": "br"
        },
        {
          "Name": "Content-Length",
          "Value": "70233"
        },
        {
          "Name": "Content-Type",
          "Value": "text/javascript"
        },
        {
          "Name": "ETag",
          "Value": "\"UfyfWMmatlkzf9Ec7n17HsChC8KhMkWQbp7u1/Mk8+U=\""
        },
        {
          "Name": "ETag",
          "Value": "W/\"+LS+L837ixawftcmV0vVmIM1oB8F6pXzLq5mog/8HJo=\""
        },
        {
          "Name": "Last-Modified",
          "Value": "Wed, 07 Jan 2026 14:43:55 GMT"
        },
        {
          "Name": "Vary",
          "Value": "Content-Encoding"
        }
      ],
      "EndpointProperties": [
        {
          "Name": "fingerprint",
          "Value": "snv3cz1a5t"
        },
        {
          "Name": "integrity",
          "Value": "sha256-+LS+L837ixawftcmV0vVmIM1oB8F6pXzLq5mog/8HJo="
        },
        {
          "Name": "label",
          "Value": "main-MZDOZOM3.js"
        }
      ]
    },
    {
      "Route": "main-MZDOZOM3.snv3cz1a5t.js",
      "AssetFile": "main-MZDOZOM3.js",
      "Selectors": [],
      "ResponseHeaders": [
        {
          "Name": "Accept-Ranges",
          "Value": "bytes"
        },
        {
          "Name": "Cache-Control",
          "Value": "max-age=31536000, immutable"
        },
        {
          "Name": "Content-Length",
          "Value": "266344"
        },
        {
          "Name": "Content-Type",
          "Value": "text/javascript"
        },
        {
          "Name": "ETag",
          "Value": "\"+LS+L837ixawftcmV0vVmIM1oB8F6pXzLq5mog/8HJo=\""
        },
        {
          "Name": "Last-Modified",
          "Value": "Wed, 07 Jan 2026 14:43:55 GMT"
        }
      ],
      "EndpointProperties": [
        {
          "Name": "fingerprint",
          "Value": "snv3cz1a5t"
        },
        {
          "Name": "integrity",
          "Value": "sha256-+LS+L837ixawftcmV0vVmIM1oB8F6pXzLq5mog/8HJo="
        },
        {
          "Name": "label",
          "Value": "main-MZDOZOM3.js"
        }
      ]
    },
    {
      "Route": "main-MZDOZOM3.snv3cz1a5t.js.br",
      "AssetFile": "main-MZDOZOM3.js.br",
      "Selectors": [],
      "ResponseHeaders": [
        {
          "Name": "Accept-Ranges",
          "Value": "bytes"
        },
        {
          "Name": "Cache-Control",
          "Value": "max-age=31536000, immutable"
        },
        {
          "Name": "Content-Encoding",
          "Value": "br"
        },
        {
          "Name": "Content-Length",
          "Value": "70233"
        },
        {
          "Name": "Content-Type",
          "Value": "text/javascript"
        },
        {
          "Name": "ETag",
          "Value": "\"UfyfWMmatlkzf9Ec7n17HsChC8KhMkWQbp7u1/Mk8+U=\""
        },
        {
          "Name": "Last-Modified",
          "Value": "Wed, 07 Jan 2026 14:43:55 GMT"
        },
        {
          "Name": "Vary",
          "Value": "Content-Encoding"
        }
      ],
      "EndpointProperties": [
        {
          "Name": "fingerprint",
          "Value": "snv3cz1a5t"
        },
        {
          "Name": "integrity",
          "Value": "sha256-UfyfWMmatlkzf9Ec7n17HsChC8KhMkWQbp7u1/Mk8+U="
        },
        {
          "Name": "label",
          "Value": "main-MZDOZOM3.js.br"
        }
      ]
    },
    {
      "Route": "main-MZDOZOM3.snv3cz1a5t.js.gz",
      "AssetFile": "main-MZDOZOM3.js.gz",
      "Selectors": [],
      "ResponseHeaders": [
        {
          "Name": "Accept-Ranges",
          "Value": "bytes"
        },
        {
          "Name": "Cache-Control",
          "Value": "max-age=31536000, immutable"
        },
        {
          "Name": "Content-Encoding",
          "Value": "gzip"
        },
        {
          "Name": "Content-Length",
          "Value": "80252"
        },
        {
          "Name": "Content-Type",
          "Value": "text/javascript"
        },
        {
          "Name": "ETag",
          "Value": "\"vULL/T6taQtvACVGo7l65utq9kLPlVzvEfPxWJmfdCA=\""
        },
        {
          "Name": "Last-Modified",
          "Value": "Wed, 07 Jan 2026 14:43:55 GMT"
        },
        {
          "Name": "Vary",
          "Value": "Content-Encoding"
        }
      ],
      "EndpointProperties": [
        {
          "Name": "fingerprint",
          "Value": "snv3cz1a5t"
        },
        {
          "Name": "integrity",
          "Value": "sha256-vULL/T6taQtvACVGo7l65utq9kLPlVzvEfPxWJmfdCA="
        },
        {
          "Name": "label",
          "Value": "main-MZDOZOM3.js.gz"
        }
      ]
    },
    {
      "Route": "polyfills-5CFQRCPP.1dks0wz7uz.js",
      "AssetFile": "polyfills-5CFQRCPP.js.gz",
      "Selectors": [
        {
          "Name": "Content-Encoding",
          "Value": "gzip",
          "Quality": "0.000079586152"
        }
      ],
      "ResponseHeaders": [
        {
          "Name": "Accept-Ranges",
          "Value": "bytes"
        },
        {
          "Name": "Cache-Control",
          "Value": "max-age=31536000, immutable"
        },
        {
          "Name": "Content-Encoding",
          "Value": "gzip"
        },
        {
          "Name": "Content-Length",
          "Value": "12564"
        },
        {
          "Name": "Content-Type",
          "Value": "text/javascript"
        },
        {
          "Name": "ETag",
          "Value": "\"pMkEg4MW6FxW6/zDfOX+do3N13+ydjQgWd7hILm1vkY=\""
        },
        {
          "Name": "ETag",
          "Value": "W/\"Fcb1hwe5sZEW/eOj9qDOnPg0J9ZKkelcuR/hBWw9phY=\""
        },
        {
          "Name": "Last-Modified",
          "Value": "Wed, 07 Jan 2026 15:55:58 GMT"
        },
        {
          "Name": "Vary",
          "Value": "Content-Encoding"
        }
      ],
      "EndpointProperties": [
        {
          "Name": "fingerprint",
          "Value": "1dks0wz7uz"
        },
        {
          "Name": "integrity",
          "Value": "sha256-Fcb1hwe5sZEW/eOj9qDOnPg0J9ZKkelcuR/hBWw9phY="
        },
        {
          "Name": "label",
          "Value": "polyfills-5CFQRCPP.js"
        }
      ]
    },
    {
      "Route": "polyfills-5CFQRCPP.1dks0wz7uz.js",
      "AssetFile": "polyfills-5CFQRCPP.js.br",
      "Selectors": [
        {
          "Name": "Content-Encoding",
          "Value": "br",
          "Quality": "0.000088222320"
        }
      ],
      "ResponseHeaders": [
        {
          "Name": "Accept-Ranges",
          "Value": "bytes"
        },
        {
          "Name": "Cache-Control",
          "Value": "max-age=31536000, immutable"
        },
        {
          "Name": "Content-Encoding",
          "Value": "br"
        },
        {
          "Name": "Content-Length",
          "Value": "11334"
        },
        {
          "Name": "Content-Type",
          "Value": "text/javascript"
        },
        {
          "Name": "ETag",
          "Value": "\"WyKtPP2zZJ4Iu87N1gVbabRpvAyElvg7C3gltaPoOrk=\""
        },
        {
          "Name": "ETag",
          "Value": "W/\"Fcb1hwe5sZEW/eOj9qDOnPg0J9ZKkelcuR/hBWw9phY=\""
        },
        {
          "Name": "Last-Modified",
          "Value": "Wed, 07 Jan 2026 15:55:58 GMT"
        },
        {
          "Name": "Vary",
          "Value": "Content-Encoding"
        }
      ],
      "EndpointProperties": [
        {
          "Name": "fingerprint",
          "Value": "1dks0wz7uz"
        },
        {
          "Name": "integrity",
          "Value": "sha256-Fcb1hwe5sZEW/eOj9qDOnPg0J9ZKkelcuR/hBWw9phY="
        },
        {
          "Name": "label",
          "Value": "polyfills-5CFQRCPP.js"
        }
      ]
    },
    {
      "Route": "polyfills-5CFQRCPP.1dks0wz7uz.js",
      "AssetFile": "polyfills-5CFQRCPP.js",
      "Selectors": [],
      "ResponseHeaders": [
        {
          "Name": "Accept-Ranges",
          "Value": "bytes"
        },
        {
          "Name": "Cache-Control",
          "Value": "max-age=31536000, immutable"
        },
        {
          "Name": "Content-Length",
          "Value": "34585"
        },
        {
          "Name": "Content-Type",
          "Value": "text/javascript"
        },
        {
          "Name": "ETag",
          "Value": "\"Fcb1hwe5sZEW/eOj9qDOnPg0J9ZKkelcuR/hBWw9phY=\""
        },
        {
          "Name": "Last-Modified",
          "Value": "Wed, 07 Jan 2026 15:55:58 GMT"
        }
      ],
      "EndpointProperties": [
        {
          "Name": "fingerprint",
          "Value": "1dks0wz7uz"
        },
        {
          "Name": "integrity",
          "Value": "sha256-Fcb1hwe5sZEW/eOj9qDOnPg0J9ZKkelcuR/hBWw9phY="
        },
        {
          "Name": "label",
          "Value": "polyfills-5CFQRCPP.js"
        }
      ]
    },
    {
      "Route": "polyfills-5CFQRCPP.1dks0wz7uz.js.br",
      "AssetFile": "polyfills-5CFQRCPP.js.br",
      "Selectors": [],
      "ResponseHeaders": [
        {
          "Name": "Accept-Ranges",
          "Value": "bytes"
        },
        {
          "Name": "Cache-Control",
          "Value": "max-age=31536000, immutable"
        },
        {
          "Name": "Content-Encoding",
          "Value": "br"
        },
        {
          "Name": "Content-Length",
          "Value": "11334"
        },
        {
          "Name": "Content-Type",
          "Value": "text/javascript"
        },
        {
          "Name": "ETag",
          "Value": "\"WyKtPP2zZJ4Iu87N1gVbabRpvAyElvg7C3gltaPoOrk=\""
        },
        {
          "Name": "Last-Modified",
          "Value": "Wed, 07 Jan 2026 15:55:58 GMT"
        },
        {
          "Name": "Vary",
          "Value": "Content-Encoding"
        }
      ],
      "EndpointProperties": [
        {
          "Name": "fingerprint",
          "Value": "1dks0wz7uz"
        },
        {
          "Name": "integrity",
          "Value": "sha256-WyKtPP2zZJ4Iu87N1gVbabRpvAyElvg7C3gltaPoOrk="
        },
        {
          "Name": "label",
          "Value": "polyfills-5CFQRCPP.js.br"
        }
      ]
    },
    {
      "Route": "polyfills-5CFQRCPP.1dks0wz7uz.js.gz",
      "AssetFile": "polyfills-5CFQRCPP.js.gz",
      "Selectors": [],
      "ResponseHeaders": [
        {
          "Name": "Accept-Ranges",
          "Value": "bytes"
        },
        {
          "Name": "Cache-Control",
          "Value": "max-age=31536000, immutable"
        },
        {
          "Name": "Content-Encoding",
          "Value": "gzip"
        },
        {
          "Name": "Content-Length",
          "Value": "12564"
        },
        {
          "Name": "Content-Type",
          "Value": "text/javascript"
        },
        {
          "Name": "ETag",
          "Value": "\"pMkEg4MW6FxW6/zDfOX+do3N13+ydjQgWd7hILm1vkY=\""
        },
        {
          "Name": "Last-Modified",
          "Value": "Wed, 07 Jan 2026 15:55:58 GMT"
        },
        {
          "Name": "Vary",
          "Value": "Content-Encoding"
        }
      ],
      "EndpointProperties": [
        {
          "Name": "fingerprint",
          "Value": "1dks0wz7uz"
        },
        {
          "Name": "integrity",
          "Value": "sha256-pMkEg4MW6FxW6/zDfOX+do3N13+ydjQgWd7hILm1vkY="
        },
        {
          "Name": "label",
          "Value": "polyfills-5CFQRCPP.js.gz"
        }
      ]
    },
    {
      "Route": "polyfills-5CFQRCPP.js",
      "AssetFile": "polyfills-5CFQRCPP.js.gz",
      "Selectors": [
        {
          "Name": "Content-Encoding",
          "Value": "gzip",
          "Quality": "0.000079586152"
        }
      ],
      "ResponseHeaders": [
        {
          "Name": "Accept-Ranges",
          "Value": "bytes"
        },
        {
          "Name": "Cache-Control",
          "Value": "no-cache"
        },
        {
          "Name": "Content-Encoding",
          "Value": "gzip"
        },
        {
          "Name": "Content-Length",
          "Value": "12564"
        },
        {
          "Name": "Content-Type",
          "Value": "text/javascript"
        },
        {
          "Name": "ETag",
          "Value": "\"pMkEg4MW6FxW6/zDfOX+do3N13+ydjQgWd7hILm1vkY=\""
        },
        {
          "Name": "ETag",
          "Value": "W/\"Fcb1hwe5sZEW/eOj9qDOnPg0J9ZKkelcuR/hBWw9phY=\""
        },
        {
          "Name": "Last-Modified",
          "Value": "Wed, 07 Jan 2026 15:55:58 GMT"
        },
        {
          "Name": "Vary",
          "Value": "Content-Encoding"
        }
      ],
      "EndpointProperties": [
        {
          "Name": "integrity",
          "Value": "sha256-Fcb1hwe5sZEW/eOj9qDOnPg0J9ZKkelcuR/hBWw9phY="
        }
      ]
    },
    {
      "Route": "polyfills-5CFQRCPP.js",
      "AssetFile": "polyfills-5CFQRCPP.js.br",
      "Selectors": [
        {
          "Name": "Content-Encoding",
          "Value": "br",
          "Quality": "0.000088222320"
        }
      ],
      "ResponseHeaders": [
        {
          "Name": "Accept-Ranges",
          "Value": "bytes"
        },
        {
          "Name": "Cache-Control",
          "Value": "no-cache"
        },
        {
          "Name": "Content-Encoding",
          "Value": "br"
        },
        {
          "Name": "Content-Length",
          "Value": "11334"
        },
        {
          "Name": "Content-Type",
          "Value": "text/javascript"
        },
        {
          "Name": "ETag",
          "Value": "\"WyKtPP2zZJ4Iu87N1gVbabRpvAyElvg7C3gltaPoOrk=\""
        },
        {
          "Name": "ETag",
          "Value": "W/\"Fcb1hwe5sZEW/eOj9qDOnPg0J9ZKkelcuR/hBWw9phY=\""
        },
        {
          "Name": "Last-Modified",
          "Value": "Wed, 07 Jan 2026 15:55:58 GMT"
        },
        {
          "Name": "Vary",
          "Value": "Content-Encoding"
        }
      ],
      "EndpointProperties": [
        {
          "Name": "integrity",
          "Value": "sha256-Fcb1hwe5sZEW/eOj9qDOnPg0J9ZKkelcuR/hBWw9phY="
        }
      ]
    },
    {
      "Route": "polyfills-5CFQRCPP.js",
      "AssetFile": "polyfills-5CFQRCPP.js",
      "Selectors": [],
      "ResponseHeaders": [
        {
          "Name": "Accept-Ranges",
          "Value": "bytes"
        },
        {
          "Name": "Cache-Control",
          "Value": "no-cache"
        },
        {
          "Name": "Content-Length",
          "Value": "34585"
        },
        {
          "Name": "Content-Type",
          "Value": "text/javascript"
        },
        {
          "Name": "ETag",
          "Value": "\"Fcb1hwe5sZEW/eOj9qDOnPg0J9ZKkelcuR/hBWw9phY=\""
        },
        {
          "Name": "Last-Modified",
          "Value": "Wed, 07 Jan 2026 15:55:58 GMT"
        }
      ],
      "EndpointProperties": [
        {
          "Name": "integrity",
          "Value": "sha256-Fcb1hwe5sZEW/eOj9qDOnPg0J9ZKkelcuR/hBWw9phY="
        }
      ]
    },
    {
      "Route": "polyfills-5CFQRCPP.js.br",
      "AssetFile": "polyfills-5CFQRCPP.js.br",
      "Selectors": [],
      "ResponseHeaders": [
        {
          "Name": "Accept-Ranges",
          "Value": "bytes"
        },
        {
          "Name": "Cache-Control",
          "Value": "no-cache"
        },
        {
          "Name": "Content-Encoding",
          "Value": "br"
        },
        {
          "Name": "Content-Length",
          "Value": "11334"
        },
        {
          "Name": "Content-Type",
          "Value": "text/javascript"
        },
        {
          "Name": "ETag",
          "Value": "\"WyKtPP2zZJ4Iu87N1gVbabRpvAyElvg7C3gltaPoOrk=\""
        },
        {
          "Name": "Last-Modified",
          "Value": "Wed, 07 Jan 2026 15:55:58 GMT"
        },
        {
          "Name": "Vary",
          "Value": "Content-Encoding"
        }
      ],
      "EndpointProperties": [
        {
          "Name": "integrity",
          "Value": "sha256-WyKtPP2zZJ4Iu87N1gVbabRpvAyElvg7C3gltaPoOrk="
        }
      ]
    },
    {
      "Route": "polyfills-5CFQRCPP.js.gz",
      "AssetFile": "polyfills-5CFQRCPP.js.gz",
      "Selectors": [],
      "ResponseHeaders": [
        {
          "Name": "Accept-Ranges",
          "Value": "bytes"
        },
        {
          "Name": "Cache-Control",
          "Value": "no-cache"
        },
        {
          "Name": "Content-Encoding",
          "Value": "gzip"
        },
        {
          "Name": "Content-Length",
          "Value": "12564"
        },
        {
          "Name": "Content-Type",
          "Value": "text/javascript"
        },
        {
          "Name": "ETag",
          "Value": "\"pMkEg4MW6FxW6/zDfOX+do3N13+ydjQgWd7hILm1vkY=\""
        },
        {
          "Name": "Last-Modified",
          "Value": "Wed, 07 Jan 2026 15:55:58 GMT"
        },
        {
          "Name": "Vary",
          "Value": "Content-Encoding"
        }
      ],
      "EndpointProperties": [
        {
          "Name": "integrity",
          "Value": "sha256-pMkEg4MW6FxW6/zDfOX+do3N13+ydjQgWd7hILm1vkY="
        }
      ]
    },
    {
      "Route": "styles-5INURTSO.5ipweew5fc.css",
      "AssetFile": "styles-5INURTSO.css.gz",
      "Selectors": [
        {
          "Name": "Content-Encoding",
          "Value": "gzip",
          "Quality": "1.000000000000"
        }
      ],
      "ResponseHeaders": [
        {
          "Name": "Accept-Ranges",
          "Value": "bytes"
        },
        {
          "Name": "Cache-Control",
          "Value": "max-age=31536000, immutable"
        },
        {
          "Name": "Content-Encoding",
          "Value": "gzip"
        },
        {
          "Name": "Content-Length",
          "Value": "0"
        },
        {
          "Name": "Content-Type",
          "Value": "text/css"
        },
        {
          "Name": "ETag",
          "Value": "\"47DEQpj8HBSa+/TImW+5JCeuQeRkm5NMpJWZG3hSuFU=\""
        },
        {
          "Name": "ETag",
          "Value": "W/\"47DEQpj8HBSa+/TImW+5JCeuQeRkm5NMpJWZG3hSuFU=\""
        },
        {
          "Name": "Last-Modified",
          "Value": "Wed, 07 Jan 2026 15:55:58 GMT"
        },
        {
          "Name": "Vary",
          "Value": "Content-Encoding"
        }
      ],
      "EndpointProperties": [
        {
          "Name": "fingerprint",
          "Value": "5ipweew5fc"
        },
        {
          "Name": "integrity",
          "Value": "sha256-47DEQpj8HBSa+/TImW+5JCeuQeRkm5NMpJWZG3hSuFU="
        },
        {
          "Name": "label",
          "Value": "styles-5INURTSO.css"
        }
      ]
    },
    {
      "Route": "styles-5INURTSO.5ipweew5fc.css",
      "AssetFile": "styles-5INURTSO.css.br",
      "Selectors": [
        {
          "Name": "Content-Encoding",
          "Value": "br",
          "Quality": "0.500000000000"
        }
      ],
      "ResponseHeaders": [
        {
          "Name": "Accept-Ranges",
          "Value": "bytes"
        },
        {
          "Name": "Cache-Control",
          "Value": "max-age=31536000, immutable"
        },
        {
          "Name": "Content-Encoding",
          "Value": "br"
        },
        {
          "Name": "Content-Length",
          "Value": "1"
        },
        {
          "Name": "Content-Type",
          "Value": "text/css"
        },
        {
          "Name": "ETag",
          "Value": "\"QbgF6nrAFOI1VumLs3RwKgg0Qmj5JImgLwiAhJOUoeQ=\""
        },
        {
          "Name": "ETag",
          "Value": "W/\"47DEQpj8HBSa+/TImW+5JCeuQeRkm5NMpJWZG3hSuFU=\""
        },
        {
          "Name": "Last-Modified",
          "Value": "Wed, 07 Jan 2026 15:55:58 GMT"
        },
        {
          "Name": "Vary",
          "Value": "Content-Encoding"
        }
      ],
      "EndpointProperties": [
        {
          "Name": "fingerprint",
          "Value": "5ipweew5fc"
        },
        {
          "Name": "integrity",
          "Value": "sha256-47DEQpj8HBSa+/TImW+5JCeuQeRkm5NMpJWZG3hSuFU="
        },
        {
          "Name": "label",
          "Value": "styles-5INURTSO.css"
        }
      ]
    },
    {
      "Route": "styles-5INURTSO.5ipweew5fc.css",
      "AssetFile": "styles-5INURTSO.css",
      "Selectors": [],
      "ResponseHeaders": [
        {
          "Name": "Accept-Ranges",
          "Value": "bytes"
        },
        {
          "Name": "Cache-Control",
          "Value": "max-age=31536000, immutable"
        },
        {
          "Name": "Content-Length",
          "Value": "0"
        },
        {
          "Name": "Content-Type",
          "Value": "text/css"
        },
        {
          "Name": "ETag",
          "Value": "\"47DEQpj8HBSa+/TImW+5JCeuQeRkm5NMpJWZG3hSuFU=\""
        },
        {
          "Name": "Last-Modified",
          "Value": "Wed, 07 Jan 2026 15:55:58 GMT"
        }
      ],
      "EndpointProperties": [
        {
          "Name": "fingerprint",
          "Value": "5ipweew5fc"
        },
        {
          "Name": "integrity",
          "Value": "sha256-47DEQpj8HBSa+/TImW+5JCeuQeRkm5NMpJWZG3hSuFU="
        },
        {
          "Name": "label",
          "Value": "styles-5INURTSO.css"
        }
      ]
    },
    {
      "Route": "styles-5INURTSO.5ipweew5fc.css.br",
      "AssetFile": "styles-5INURTSO.css.br",
      "Selectors": [],
      "ResponseHeaders": [
        {
          "Name": "Accept-Ranges",
          "Value": "bytes"
        },
        {
          "Name": "Cache-Control",
          "Value": "max-age=31536000, immutable"
        },
        {
          "Name": "Content-Encoding",
          "Value": "br"
        },
        {
          "Name": "Content-Length",
          "Value": "1"
        },
        {
          "Name": "Content-Type",
          "Value": "text/css"
        },
        {
          "Name": "ETag",
          "Value": "\"QbgF6nrAFOI1VumLs3RwKgg0Qmj5JImgLwiAhJOUoeQ=\""
        },
        {
          "Name": "Last-Modified",
          "Value": "Wed, 07 Jan 2026 15:55:58 GMT"
        },
        {
          "Name": "Vary",
          "Value": "Content-Encoding"
        }
      ],
      "EndpointProperties": [
        {
          "Name": "fingerprint",
          "Value": "5ipweew5fc"
        },
        {
          "Name": "integrity",
          "Value": "sha256-QbgF6nrAFOI1VumLs3RwKgg0Qmj5JImgLwiAhJOUoeQ="
        },
        {
          "Name": "label",
          "Value": "styles-5INURTSO.css.br"
        }
      ]
    },
    {
      "Route": "styles-5INURTSO.5ipweew5fc.css.gz",
      "AssetFile": "styles-5INURTSO.css.gz",
      "Selectors": [],
      "ResponseHeaders": [
        {
          "Name": "Accept-Ranges",
          "Value": "bytes"
        },
        {
          "Name": "Cache-Control",
          "Value": "max-age=31536000, immutable"
        },
        {
          "Name": "Content-Encoding",
          "Value": "gzip"
        },
        {
          "Name": "Content-Length",
          "Value": "0"
        },
        {
          "Name": "Content-Type",
          "Value": "text/css"
        },
        {
          "Name": "ETag",
          "Value": "\"47DEQpj8HBSa+/TImW+5JCeuQeRkm5NMpJWZG3hSuFU=\""
        },
        {
          "Name": "Last-Modified",
          "Value": "Wed, 07 Jan 2026 15:55:58 GMT"
        },
        {
          "Name": "Vary",
          "Value": "Content-Encoding"
        }
      ],
      "EndpointProperties": [
        {
          "Name": "fingerprint",
          "Value": "5ipweew5fc"
        },
        {
          "Name": "integrity",
          "Value": "sha256-47DEQpj8HBSa+/TImW+5JCeuQeRkm5NMpJWZG3hSuFU="
        },
        {
          "Name": "label",
          "Value": "styles-5INURTSO.css.gz"
        }
      ]
    },
    {
      "Route": "styles-5INURTSO.css",
      "AssetFile": "styles-5INURTSO.css.gz",
      "Selectors": [
        {
          "Name": "Content-Encoding",
          "Value": "gzip",
          "Quality": "1.000000000000"
        }
      ],
      "ResponseHeaders": [
        {
          "Name": "Accept-Ranges",
          "Value": "bytes"
        },
        {
          "Name": "Cache-Control",
          "Value": "no-cache"
        },
        {
          "Name": "Content-Encoding",
          "Value": "gzip"
        },
        {
          "Name": "Content-Length",
          "Value": "0"
        },
        {
          "Name": "Content-Type",
          "Value": "text/css"
        },
        {
          "Name": "ETag",
          "Value": "\"47DEQpj8HBSa+/TImW+5JCeuQeRkm5NMpJWZG3hSuFU=\""
        },
        {
          "Name": "ETag",
          "Value": "W/\"47DEQpj8HBSa+/TImW+5JCeuQeRkm5NMpJWZG3hSuFU=\""
        },
        {
          "Name": "Last-Modified",
          "Value": "Wed, 07 Jan 2026 15:55:58 GMT"
        },
        {
          "Name": "Vary",
          "Value": "Content-Encoding"
        }
      ],
      "EndpointProperties": [
        {
          "Name": "integrity",
          "Value": "sha256-47DEQpj8HBSa+/TImW+5JCeuQeRkm5NMpJWZG3hSuFU="
        }
      ]
    },
    {
      "Route": "styles-5INURTSO.css",
      "AssetFile": "styles-5INURTSO.css.br",
      "Selectors": [
        {
          "Name": "Content-Encoding",
          "Value": "br",
          "Quality": "0.500000000000"
        }
      ],
      "ResponseHeaders": [
        {
          "Name": "Accept-Ranges",
          "Value": "bytes"
        },
        {
          "Name": "Cache-Control",
          "Value": "no-cache"
        },
        {
          "Name": "Content-Encoding",
          "Value": "br"
        },
        {
          "Name": "Content-Length",
          "Value": "1"
        },
        {
          "Name": "Content-Type",
          "Value": "text/css"
        },
        {
          "Name": "ETag",
          "Value": "\"QbgF6nrAFOI1VumLs3RwKgg0Qmj5JImgLwiAhJOUoeQ=\""
        },
        {
          "Name": "ETag",
          "Value": "W/\"47DEQpj8HBSa+/TImW+5JCeuQeRkm5NMpJWZG3hSuFU=\""
        },
        {
          "Name": "Last-Modified",
          "Value": "Wed, 07 Jan 2026 15:55:58 GMT"
        },
        {
          "Name": "Vary",
          "Value": "Content-Encoding"
        }
      ],
      "EndpointProperties": [
        {
          "Name": "integrity",
          "Value": "sha256-47DEQpj8HBSa+/TImW+5JCeuQeRkm5NMpJWZG3hSuFU="
        }
      ]
    },
    {
      "Route": "styles-5INURTSO.css",
      "AssetFile": "styles-5INURTSO.css",
      "Selectors": [],
      "ResponseHeaders": [
        {
          "Name": "Accept-Ranges",
          "Value": "bytes"
        },
        {
          "Name": "Cache-Control",
          "Value": "no-cache"
        },
        {
          "Name": "Content-Length",
          "Value": "0"
        },
        {
          "Name": "Content-Type",
          "Value": "text/css"
        },
        {
          "Name": "ETag",
          "Value": "\"47DEQpj8HBSa+/TImW+5JCeuQeRkm5NMpJWZG3hSuFU=\""
        },
        {
          "Name": "Last-Modified",
          "Value": "Wed, 07 Jan 2026 15:55:58 GMT"
        }
      ],
      "EndpointProperties": [
        {
          "Name": "integrity",
          "Value": "sha256-47DEQpj8HBSa+/TImW+5JCeuQeRkm5NMpJWZG3hSuFU="
        }
      ]
    },
    {
      "Route": "styles-5INURTSO.css.br",
      "AssetFile": "styles-5INURTSO.css.br",
      "Selectors": [],
      "ResponseHeaders": [
        {
          "Name": "Accept-Ranges",
          "Value": "bytes"
        },
        {
          "Name": "Cache-Control",
          "Value": "no-cache"
        },
        {
          "Name": "Content-Encoding",
          "Value": "br"
        },
        {
          "Name": "Content-Length",
          "Value": "1"
        },
        {
          "Name": "Content-Type",
          "Value": "text/css"
        },
        {
          "Name": "ETag",
          "Value": "\"QbgF6nrAFOI1VumLs3RwKgg0Qmj5JImgLwiAhJOUoeQ=\""
        },
        {
          "Name": "Last-Modified",
          "Value": "Wed, 07 Jan 2026 15:55:58 GMT"
        },
        {
          "Name": "Vary",
          "Value": "Content-Encoding"
        }
      ],
      "EndpointProperties": [
        {
          "Name": "integrity",
          "Value": "sha256-QbgF6nrAFOI1VumLs3RwKgg0Qmj5JImgLwiAhJOUoeQ="
        }
      ]
    },
    {
      "Route": "styles-5INURTSO.css.gz",
      "AssetFile": "styles-5INURTSO.css.gz",
      "Selectors": [],
      "ResponseHeaders": [
        {
          "Name": "Accept-Ranges",
          "Value": "bytes"
        },
        {
          "Name": "Cache-Control",
          "Value": "no-cache"
        },
        {
          "Name": "Content-Encoding",
          "Value": "gzip"
        },
        {
          "Name": "Content-Length",
          "Value": "0"
        },
        {
          "Name": "Content-Type",
          "Value": "text/css"
        },
        {
          "Name": "ETag",
          "Value": "\"47DEQpj8HBSa+/TImW+5JCeuQeRkm5NMpJWZG3hSuFU=\""
        },
        {
          "Name": "Last-Modified",
          "Value": "Wed, 07 Jan 2026 15:55:58 GMT"
        },
        {
          "Name": "Vary",
          "Value": "Content-Encoding"
        }
      ],
      "EndpointProperties": [
        {
          "Name": "integrity",
          "Value": "sha256-47DEQpj8HBSa+/TImW+5JCeuQeRkm5NMpJWZG3hSuFU="
        }
      ]
    }
  ]
}